"管理用番号","市町村コード","基準地番号・標準地番号(最新年)","地価調査・地価公示の別","用途","所在(市町村名)","所在(大字以降)","所在(住居表示)","経度(世界測地系)","緯度(世界測地系)","平成5年(1993)","平成6年(1994)","平成7年(1995)","平成8年(1996)","平成9年(1997)","平成10年(1998)","平成11年(1999)","平成12年(2000)","平成13年(2001)","平成14年(2002)","平成15年(2003)","平成16年(2004)","平成17年(2005)","平成18年(2006)","平成19年(2007)","平成20年(2008)","平成21年(2009)","平成22年(2010)","平成23年(2011)","平成24年(2012)","平成25年(2013)","平成26年(2014)","平成27年(2015)","平成28年(2016)","平成29年(2017)","平成30年(2018)","平成31年(2019)","令和2年(2020)","経度","緯度","分類"
"100123","302066","【旧】田辺-5(平成22年廃止)","地価公示(廃止地点)","住宅","田辺市","むつみ４５１番２４","むつみ５－６","135.3799069","33.74237551","","","","","","80,000","79,000","75,800","72,800","70,000","67,000","64,000","61,000","59,200","57,400","55,700","53,800","","","","","","","","","","","","135.379906900006","33.7423755099987","地価公示標準地(廃止地点)"
"100135","302082","【旧】紀の川-4(平成22年廃止)","地価公示(廃止地点)","住宅","紀の川市","荒見字下川原６０４番８１","","135.4140697","34.26174015","","","","","","","","","","","","","","","","32,200","30,600","","","","","","","","","","","","135.414069700004","34.2617401499974","地価公示標準地(廃止地点)"
"100002","302015","【旧】和歌山-2(平成23年廃止)","地価公示(廃止地点)","住宅","和歌山市","園部字窪里１０４１番２","","135.192738","34.26027641","","","132,000","130,000","129,000","126,000","115,000","103,000","95,500","88,200","80,800","74,000","68,000","63,900","62,600","61,900","60,000","58,000","","","","","","","","","","","135.192738000002","34.2602764099973","地価公示標準地(廃止地点)"
"100009","302015","【旧】和歌山-9(平成23年廃止)","地価公示(廃止地点)","住宅","和歌山市","栄谷字垣之上２５７番９","","135.1555544","34.25842767","","","","","137,000","134,000","121,000","109,000","100,000","93,000","87,400","79,500","72,100","68,500","65,500","64,300","62,900","60,200","","","","","","","","","","","135.155554400001","34.2584276699981","地価公示標準地(廃止地点)"
"100010","302015","【旧】和歌山-10(平成23年廃止)","地価公示(廃止地点)","住宅","和歌山市","六十谷字楠手１９５番３９","","135.2029403","34.26035669","","","","","","","","","","","","","76,000","71,000","69,600","68,900","67,500","64,900","","","","","","","","","","","135.202940300003","34.2603566899974","地価公示標準地(廃止地点)"
"100012","302015","【旧】和歌山-12(平成23年廃止)","地価公示(廃止地点)","住宅","和歌山市","園部字上前田１５３１番１８外","","135.1967596","34.26632701","127,000","123,000","123,000","120,000","118,000","115,000","105,000","95,000","87,500","80,700","73,500","67,000","61,600","58,000","55,800","54,800","53,500","51,200","","","","","","","","","","","135.196759600002","34.2663270099973","地価公示標準地(廃止地点)"
"100016","302015","【旧】和歌山-16(平成23年廃止)","地価公示(廃止地点)","住宅","和歌山市","土入字堤添２９１番２６","","135.1393546","34.25085117","135,000","138,000","141,000","140,000","139,000","137,000","125,000","114,000","105,000","98,000","91,300","84,700","78,200","74,700","72,100","71,300","69,800","67,600","","","","","","","","","","","135.139354600002","34.2508511699983","地価公示標準地(廃止地点)"
"100018","302015","【旧】和歌山-18(平成23年廃止)","地価公示(廃止地点)","住宅","和歌山市","杭ノ瀬字北崎２５５番３４","","135.189689","34.21002731","146,000","146,000","146,000","145,000","143,000","140,000","133,000","126,000","121,000","114,000","107,000","100,000","93,500","88,500","84,000","81,800","78,700","74,900","","","","","","","","","","","135.189689000002","34.2100273099976","地価公示標準地(廃止地点)"
"100024","302015","【旧】和歌山-24(平成23年廃止)","地価公示(廃止地点)","住宅","和歌山市","西庄字南西岡９９３番５","","135.1053286","34.25905591","","","","","105,000","103,000","91,600","84,000","80,500","75,600","71,000","65,700","58,000","54,000","52,000","51,000","49,700","47,900","","","","","","","","","","","135.105328600001","34.2590559099997","地価公示標準地(廃止地点)"
"100030","302015","【旧】和歌山-30(平成23年廃止)","地価公示(廃止地点)","住宅","和歌山市","島橋東ノ丁１８２番６３","島橋東ノ丁５－５","135.1486222","34.24441067","138,000","136,000","137,000","135,000","132,000","130,000","118,000","108,000","101,000","94,000","86,700","80,000","72,800","69,000","67,000","66,400","64,900","62,900","","","","","","","","","","","135.1486222","34.2444106699986","地価公示標準地(廃止地点)"
"100031","302015","【旧】和歌山-31(平成23年廃止)","地価公示(廃止地点)","住宅","和歌山市","西浜字中新堤内ノ坪９４２番６","","135.1572268","34.20015703","174,000","170,000","170,000","166,000","163,000","160,000","151,000","142,000","136,000","129,000","121,000","112,000","104,000","97,500","94,000","90,900","87,100","83,300","","","","","","","","","","","135.157226800004","34.2001570299992","地価公示標準地(廃止地点)"
"100033","302015","【旧】和歌山-33(平成23年廃止)","地価公示(廃止地点)","住宅","和歌山市","今福２丁目２４番２９","今福２－１－２０","135.1656922","34.21164891","194,000","190,000","190,000","183,000","175,000","170,000","154,000","145,000","139,000","133,000","124,000","116,000","108,000","102,000","101,000","99,900","97,900","94,700","","","","","","","","","","","135.165692200004","34.2116489099984","地価公示標準地(廃止地点)"
"100036","302015","【旧】和歌山-36(平成23年廃止)","地価公示(廃止地点)","住宅","和歌山市","紀三井寺字向谷川３５３番１５","","135.1899507","34.17748136","146,000","144,000","144,000","142,000","141,000","140,000","132,000","127,000","125,000","122,000","117,000","110,000","102,000","96,500","93,600","91,400","86,800","82,400","","","","","","","","","","","135.189950700003","34.1774813599967","地価公示標準地(廃止地点)"
"100047","302015","【旧】和歌山-47(平成23年廃止)","地価公示(廃止地点)","住宅","和歌山市","船所字久保古８１番３４","","135.1839446","34.25640749","","","135,000","133,000","132,000","129,000","115,000","104,000","96,200","89,000","81,800","75,200","69,000","65,600","63,500","63,000","61,200","58,300","","","","","","","","","","","135.183944600002","34.2564074899975","地価公示標準地(廃止地点)"
"100075","302015","【旧】和歌山5-22(平成23年廃止)","地価公示(廃止地点)","商業","和歌山市","西高松１丁目３５７番５","西高松１－３－１３","135.17179","34.20955135","","400,000","368,000","320,000","288,000","258,000","228,000","209,000","198,000","186,000","172,000","158,000","145,000","137,000","131,000","130,000","128,000","125,000","","","","","","","","","","","135.171790000004","34.209551349998","地価公示標準地(廃止地点)"
"100013","302015","【旧】和歌山-13*(平成24年廃止)","地価公示(廃止地点)","住宅","和歌山市","西庄字清田２５０番６","","135.1196232","34.25950968","","","","","136,000","133,000","116,000","105,000","96,200","88,500","82,000","75,400","68,500","64,400","62,500","61,000","59,200","57,100","54,800","","","","","","","","","","135.119623200002","34.2595096799983","地価公示標準地(廃止地点)"
"100130","302074","【旧】新宮5-1(平成24年廃止)","地価公示(廃止地点)","商業","新宮市","仲之町３丁目１番４","","135.9894363","33.72831093","","","345,000","341,000","335,000","326,000","308,000","265,000","232,000","210,000","194,000","175,000","157,000","140,000","119,000","112,000","105,000","96,000","88,000","","","","","","","","","","135.989436300005","33.7283109300027","地価公示標準地(廃止地点)"
"100159","303615","【旧】湯浅5-1(平成24年廃止)","地価公示(廃止地点)","商業","湯浅町","大字湯浅字南道１０５５番７","","135.1792073","34.0334299","","","198,000","187,000","179,000","174,000","164,000","156,000","150,000","136,000","120,000","109,000","98,200","90,000","85,000","81,200","76,800","71,400","62,400","","","","","","","","","","135.179207300008","34.0334298999935","地価公示標準地(廃止地点)"
"100021","302015","【旧】和歌山-21(平成25年廃止)","地価公示(廃止地点)","住宅","和歌山市","津秦字奥ノ畑５番１８","","135.2067696","34.22335118","160,000","158,000","158,000","156,000","153,000","149,000","141,000","132,000","125,000","120,000","113,000","106,000","99,800","94,800","92,500","91,100","88,500","85,300","82,500","79,900","","","","","","","","","135.206769600002","34.2233511799974","地価公示標準地(廃止地点)"
"100092","302023","【旧】海南-4(平成25年廃止)","地価公示(廃止地点)","住宅","海南市","重根字比瀬８８７番７","","135.2526459","34.15179873","82,300","81,500","81,500","81,500","81,000","81,000","80,000","79,000","77,700","76,000","72,500","69,200","62,900","57,000","52,800","49,700","47,000","44,300","41,400","39,000","","","","","","","","","135.252645900001","34.1517987299983","地価公示標準地(廃止地点)"
"100129","302074","【旧】新宮-3(平成25年廃止)","地価公示(廃止地点)","住宅","新宮市","三輪崎２丁目８０７番５","三輪崎２－２－３１","135.9841306","33.68754613","","","66,000","66,000","66,000","65,200","64,500","63,900","62,500","61,200","60,100","58,200","56,600","55,000","53,500","52,000","50,500","48,500","46,600","44,000","","","","","","","","","135.984130600006","33.6875461299986","地価公示標準地(廃止地点)"
"100160","303666","【旧】有田川-1(平成25年廃止)","地価公示(廃止地点)","住宅","有田川町","大字徳田字北垣内２２９番２","","135.2492461","34.06179706","","61,000","61,000","61,000","61,000","61,000","60,000","59,000","58,000","56,600","55,400","51,800","49,200","47,600","47,000","46,500","45,200","43,200","40,000","37,600","","","","","","","","","135.249246100003","34.061797059992","地価公示標準地(廃止地点)"
"100175","304018","【旧】白浜-3(平成25年廃止)","地価公示(廃止地点)","住宅","白浜町","日置字海蔵寺前１６７番１","","135.4451499","33.56895984","","","","","","","","23,000","22,600","22,200","21,700","21,200","20,700","20,300","20,100","19,900","19,700","19,300","18,900","18,500","","","","","","","","","135.445149900006","33.5689598399992","地価公示標準地(廃止地点)"
"100053","302015","【旧】和歌山3-1(平成26年廃止)","地価公示(廃止地点)","宅見","和歌山市","梅原字塩田６１番","","135.1409133","34.26041027","","","","","","52,000","45,000","40,500","38,000","35,000","32,500","29,600","25,200","21,800","19,500","18,000","17,000","15,900","15,100","14,300","13,600","","","","","","","","135.140913300004","34.260410269998","地価公示標準地(廃止地点)"
"100078","302015","【旧】和歌山5-26(平成26年廃止)","地価公示(廃止地点)","商業","和歌山市","吹屋町３丁目１９番２","","135.1879708","34.22567445","225,000","215,000","215,000","210,000","205,000","201,000","189,000","174,000","161,000","153,000","144,000","134,000","126,000","121,000","118,000","119,000","113,000","110,000","106,000","101,000","98,300","","","","","","","","135.187970800002","34.2256744499968","地価公示標準地(廃止地点)"
"100080","302015","【旧】和歌山5-25(平成26年廃止)","地価公示(廃止地点)","商業","和歌山市","手平４丁目１４４番１","手平４－３－１５","135.1866235","34.21739681","","","188,000","182,000","177,000","172,000","163,000","152,000","145,000","138,000","130,000","122,000","112,000","104,000","100,000","96,900","90,200","82,700","77,000","73,400","71,000","","","","","","","","135.186623500002","34.2173968099971","地価公示標準地(廃止地点)"
"100124","302066","【旧】田辺-5(平成26年廃止)","地価公示(廃止地点)","住宅","田辺市","上秋津字岩内７２０番３","","135.3989675","33.75559444","","","","","","","","","","","","","","37,500","36,900","36,300","35,500","34,300","32,800","31,500","30,200","","","","","","","","135.398967500005","33.7555944399997","地価公示標準地(廃止地点)"
"100172","303917","【旧】みなべ5-2(平成26年廃止)","地価公示(廃止地点)","商業","みなべ町","徳蔵字白田１５６番４外","","135.3239404","33.78231393","","","","","","","","","","","","","","58,000","56,200","54,500","52,200","49,600","46,800","44,000","41,200","","","","","","","","135.323940400003","33.7823139300007","地価公示標準地(廃止地点)"
"100177","304018","【旧】白浜5-2(平成26年廃止)","地価公示(廃止地点)","商業","白浜町","日置字蛇原２０３９番６２外","","135.4319013","33.57051349","","","","","","","","40,000","39,000","38,000","37,000","36,400","35,800","35,200","34,700","34,200","33,600","32,900","32,100","31,400","29,900","","","","","","","","135.431901300006","33.5705134899996","地価公示標準地(廃止地点)"
"100185","304212","【旧】那智勝浦-2(平成26年廃止)","地価公示(廃止地点)","住宅","那智勝浦町","大字宇久井字中芝１９３番２外","","135.9740498","33.66129527","","40,000","40,000","40,000","40,000","39,800","38,400","37,500","36,500","35,200","33,800","31,800","29,800","28,000","27,200","26,500","25,600","24,600","22,600","20,500","18,700","","","","","","","","135.974049800004","33.661295269999","地価公示標準地(廃止地点)"
"100065","302015","【旧】和歌山5-12*(平成27年廃止)","地価公示(廃止地点)","商業","和歌山市","本町１丁目３３番","","135.1747288","34.23370726","","","","","","","","650,000","580,000","442,000","362,000","297,000","225,000","190,000","175,000","171,000","160,000","149,000","138,000","127,000","120,000","116000","","","","","","","135.174728800004","34.2337072599972","地価公示標準地(廃止地点)"
"100093","302023","【旧】海南-5(平成27年廃止)","地価公示(廃止地点)","住宅","海南市","名高字井引６８番５","","135.2159476","34.15568831","","145,000","145,000","142,000","141,000","139,000","138,000","137,000","134,000","129,000","121,000","115,000","105,000","96,000","89,000","85,600","83,000","80,000","77,000","74,800","73,800","72900","","","","","","","135.215947600005","34.1556883099955","地価公示標準地(廃止地点)"
"100107","302031","【旧】橋本5-2(平成27年廃止)","地価公示(廃止地点)","商業","橋本市","御幸辻字中森垣内４７０番２外","","135.6030433","34.33796617","","","142,000","140,000","138,000","136,000","126,000","119,000","113,000","107,000","99,500","91,200","84,000","76,000","71,000","69,800","67,900","64,300","61,000","58,800","55,300","52000","","","","","","","135.603043300003","34.3379661699967","地価公示標準地(廃止地点)"
"100155","303445","【旧】高野-1(平成27年廃止)","地価公示(廃止地点)","住宅","高野町","大字高野山字南谷７９番４外","","135.5802653","34.21066879","","45,000","45,000","45,000","45,000","45,000","45,000","45,000","44,800","44,600","44,200","43,200","42,300","41,500","40,900","40,900","40,000","38,900","37,800","35,700","32,600","29700","","","","","","","135.580265300004","34.2106687899969","地価公示標準地(廃止地点)"
"100088","302015","【旧】和歌山-41(平成28年廃止)","地価公示(廃止地点)","住宅","和歌山市","上黒谷字東前田７５番","","135.2640855","34.27259999","43,500","43,000","43,000","43,000","43,000","43,000","42,500","42,000","41,500","41,000","40,500","39,000","36,000","33,500","31,500","30,300","29,200","28,000","26,500","25,400","24,100","22,700","21,800","","","","","","135.264085500003","34.2725999899992","地価公示標準地(廃止地点)"
"100099","302023","【旧】海南5-2(平成28年廃止)","地価公示(廃止地点)","商業","海南市","下津町黒田字川端５１番９","","135.159144","34.12623347","","","165,000","162,000","159,000","156,000","152,000","148,000","142,000","135,000","126,000","115,000","103,000","92,700","84,500","78,900","73,700","68,900","64,300","60,500","57,400","54,800","52,400","","","","","","135.159144000006","34.126233469996","地価公示標準地(廃止地点)"
"100194","302074","【旧】新宮5-1(平成28年廃止)","地価公示(廃止地点)","商業","新宮市","仲之町２丁目２番４外","","135.9883669","33.72909065","","","","","","","","","","","","","","","","","","","","72,000","65,300","62,000","57,300","","","","","","135.988366900005","33.7290906500032","地価公示標準地(廃止地点)"
"100032","302015","【旧】和歌山-32(平成29年廃止)","地価公示(廃止地点)","住宅","和歌山市","新中島字上野覚８５番１４","","135.1974314","34.21620575","147,000","145,000","147,000","146,000","146,000","144,000","136,000","129,000","124,000","117,000","110,000","103,000","95,300","89,000","85,400","82,500","78,000","72,900","68,100","63,700","61,300","60,000","59,200","58,900","","","","","135.197431400002","34.2162057499973","地価公示標準地(廃止地点)"
"100042","302015","【旧】和歌山-2(平成30年廃止)","地価公示(廃止地点)","住宅","和歌山市","楠本字免イ田１番３２","","135.2553521","34.26198106","127,000","122,000","122,000","120,000","118,000","116,000","109,000","105,000","96,900","89,000","80,900","73,600","66,200","61,000","58,700","57,000","54,000","51,300","48,800","46,500","44,400","43,000","42,500","42,100","41,800","","","","135.255352100005","34.261981059997","地価公示標準地(廃止地点)"
"100113","302040","【旧】有田5-2(平成30年廃止)","地価公示(廃止地点)","商業","有田市","宮崎町字明見３０番２","","135.1199177","34.07952573","","","192,000","184,000","180,000","177,000","171,000","163,000","158,000","149,000","134,000","121,000","108,000","98,500","93,600","89,200","85,600","82,100","77,700","74,000","71,500","69,100","67,000","64,500","62,600","","","","135.119917700006","34.079525729998","地価公示標準地(廃止地点)"
"100183","304069","【旧】すさみ5-1(平成30年廃止)","地価公示(廃止地点)","商業","すさみ町","周参見字後ロ地４２７２番４","","135.495458","33.54787433","","","","","","","","63,500","62,000","60,100","58,000","56,000","53,300","50,600","48,000","45,800","43,700","41,600","39,500","37,000","34,500","32,700","31,400","30,400","29,500","","","","135.495458000008","33.5478743299977","地価公示標準地(廃止地点)"
"100034","302015","【旧】和歌山-34(平成31年廃止)","地価公示(廃止地点)","住宅","和歌山市","湊１丁目６０１番２内","湊１－６－３２","135.1495513","34.23531978","121,000","121,000","121,000","121,000","120,000","119,000","108,000","99,000","91,500","85,200","79,800","73,800","67,200","64,000","61,000","59,500","58,000","56,200","54,400","52,600","50,800","49,100","48,200","47,400","46,700","","","","135.149551300001","34.235319779999","地価公示標準地(廃止地点)"
"100089","302023","【旧】海南-1(平成31年廃止)","地価公示(廃止地点)","住宅","海南市","鳥居字西川添９０番","","135.2181205","34.14962424","115,000","114,000","114,000","114,000","114,000","114,000","114,000","113,000","111,000","108,000","102,000","96,000","88,000","81,500","76,800","74,100","71,700","68,300","65,300","63,000","61,300","60,200","59,000","57,800","56,700","","","","135.218120500005","34.1496242399962","地価公示標準地(廃止地点)"
"100108","302031","【旧】橋本5-3(平成31年廃止)","地価公示(廃止地点)","商業","橋本市","高野口町小田字辻脇６７８番１３外","","135.5572168","34.29966126","","","126,000","123,000","120,000","115,000","107,000","99,700","94,700","86,200","77,500","66,500","58,000","50,000","47,000","45,800","43,900","41,900","40,000","38,500","37,000","35,600","34,400","33,500","32,700","","","","135.557216800002","34.299661259998","地価公示標準地(廃止地点)"
"100207","303445","【旧】高野-1(平成31年廃止)","地価公示(廃止地点)","住宅","高野町","大字高野山字西院谷２６２番１０","","135.576401","34.211987","","","","","","","","","","","","","","","","","","","","","","","30,000","29,200","28,400","","","","135.576401000004","34.2119869999973","地価公示標準地(廃止地点)"
"100008","302015","【旧】和歌山-8(令和2年廃止）","地価公示(廃止地点)","住宅","和歌山市","榎原字鳥掛１３６番２７","","135.132457","34.25434071","130,000","130,000","132,000","129,000","128,000","125,000","114,000","104,000","95,500","87,800","80,400","74,000","67,700","63,500","61,000","60,000","58,500","56,300","53,400","51,000","48,700","47,000","45,700","45,000","44,500","","","","135.132457000002","34.2543407099982","地価公示標準地(廃止地点)"
"100011","302015","【旧】和歌山-11(令和2年廃止）","地価公示(廃止地点)","住宅","和歌山市","西庄字中浜１０３７番４２","","135.1112835","34.25316659","116,000","114,000","115,000","115,000","115,000","112,000","102,000","92,800","86,200","80,000","75,500","69,000","61,500","57,000","54,500","52,000","49,500","46,300","43,600","41,200","39,000","37,600","36,600","36,300","36,100","","","","135.111283500002","34.2531665899986","地価公示標準地(廃止地点)"
"100087","302015","【旧】和歌山-46(令和2年廃止）","地価公示(廃止地点)","住宅","和歌山市","冬野字宮垣内４９３番１","","135.2136607","34.18582681","51,000","50,500","50,500","50,500","50,500","50,000","48,500","48,000","47,500","46,500","45,100","42,100","39,000","36,500","34,300","32,700","30,700","28,500","26,500","24,500","23,100","22,000","21,000","20,300","19,700","","","","135.213660700003","34.1858268099961","地価公示標準地(廃止地点)"
"100215","302015","【旧】和歌山3-1(令和2年廃止）","地価公示(廃止地点)","宅見","和歌山市","梅原字道免３８番","","135.140991","34.26123","","","","","","","","","","","","","","","","","","","","","","","","","13,500","","","","135.140991000003","34.261229999998","地価公示標準地(廃止地点)"
"100192","302015","【旧】和歌山9-3(令和2年廃止）","地価公示(廃止地点)","工業","和歌山市","湊字薬種畑坪１１１５番４外","","135.1471476","34.21570308","","","","","","","","","","","","","","","","","","","24,200","22,700","21,300","20,700","19,900","19,500","19,200","","","","135.147147600003","34.2157030799991","地価公示標準地(廃止地点)"
"100117","302058","【旧】御坊5-1(令和2年廃止）","地価公示(廃止地点)","商業","御坊市","薗字桃之木２３２番４","","135.1547452","33.89053594","184,000","177,000","175,000","170,000","166,000","163,000","157,000","152,000","146,000","137,000","129,000","121,000","112,000","101,000","91,500","86,100","80,000","72,500","66,200","62,000","58,000","55,000","52,100","49,500","47,100","","","","135.154745200005","33.8905359399968","地価公示標準地(廃止地点)"
"100181","304069","【旧】すさみ-1(令和2年廃止）","地価公示(廃止地点)","住宅","すさみ町","周参見字中之町４２３２番","","135.4940771","33.54804242","","","","","","","","39,000","38,500","37,700","36,800","35,700","34,000","32,300","31,000","30,000","29,300","28,500","27,600","26,200","24,500","23,000","21,900","21,200","20,600","","","","135.494077100009","33.5480424199977","地価公示標準地(廃止地点)"
"100001","302015","和歌山-1","地価公示","住宅","和歌山市","園部字下田出５９６番５４","","135.1880082","34.26532584","148,000","145,000","145,000","144,000","143,000","140,000","125,000","114,000","104,000","95,200","86,100","78,200","71,900","67,700","65,000","63,000","61,100","58,900","56,600","54,400","52,800","51,700","50,800","50,300","50,000","49,700","49,400","49,200","135.188008200002","34.2653258399972","R02地価公示標準地"
"100219","302015","和歌山-2","地価公示","住宅","和歌山市","栄谷字城谷９７６番２４６","","135.157174","34.272174","","","","","","","","","","","","","","","","","","","","","","","","","","68,800","69,000","69,200","135.157174000002","34.2721739999977","R02地価公示標準地"
"100003","302015","和歌山-3","地価公示","住宅","和歌山市","紀三井寺字中洲新畑７６８番２９","","135.1835399","34.18981662","174,000","170,000","170,000","169,000","164,000","160,000","152,000","146,000","143,000","138,000","131,000","122,000","114,000","108,000","105,000","104,000","98,000","92,100","86,200","81,000","75,500","72,900","72,000","71,600","71,300","71,000","71,000","71,000","135.183539900003","34.1898166199977","R02地価公示標準地"
"100004","302015","和歌山-4","地価公示","住宅","和歌山市","芝ノ丁２１番","","135.1678485","34.22140556","","","","","","","","","","","","","","","","","","152,000","148,000","146,000","144,000","144,000","146,000","148,000","150,000","151,000","152,000","153,000","135.167848500005","34.2214055599995","R02地価公示標準地"
"100005","302015","和歌山-5","地価公示","住宅","和歌山市","鷹匠町４丁目１０番２","","135.1765967","34.22089872","231,000","220,000","216,000","210,000","202,000","188,000","168,000","159,000","151,000","143,000","134,000","125,000","117,000","111,000","108,000","108,000","106,000","103,000","100,000","99,000","98,200","97,700","97,300","97,300","97,300","97,300","96,600","96,200","135.176596700003","34.220898719997","R02地価公示標準地"
"100006","302015","和歌山-6","地価公示","住宅","和歌山市","和歌浦東１丁目５０９番３","和歌浦東１－８－１４","135.1744924","34.19428623","","","","","","","","132,000","128,000","121,000","114,000","107,000","99,500","93,500","90,800","88,500","85,800","83,500","81,000","78,500","76,200","74,500","73,000","71,800","70,800","69,900","69,300","68,700","135.174492400003","34.1942862299981","R02地価公示標準地"
"100007","302015","和歌山-7","地価公示","住宅","和歌山市","加太字南仲町１２９４番２","","135.0734693","34.27501796","83,000","82,500","82,500","82,500","82,000","81,800","77,300","73,000","68,700","65,000","60,900","56,200","50,600","47,000","45,000","44,000","42,500","41,000","39,300","35,400","32,000","29,200","28,000","26,800","25,800","24,900","24,100","23,400","135.0734693","34.2750179599968","R02地価公示標準地"
"100226","302015","和歌山-8","地価公示","住宅","和歌山市","榎原字九鷹１１１番３５","","135.133765","34.254130","","","","","","","","","","","","","","","","","","","","","","","","","","","","48,200","135.133765000003","34.2541299999983","R02地価公示標準地"
"100043","302015","和歌山-9","地価公示","住宅","和歌山市","鳴神字坂戸２４８番７８","","135.2164428","34.22918577","145,000","141,000","141,000","138,000","135,000","131,000","127,000","122,000","118,000","112,000","105,000","98,000","91,300","85,700","82,700","80,000","76,000","71,900","68,300","64,900","61,700","60,000","58,900","58,200","57,600","57,200","56,900","56,600","135.216442800003","34.2291857699983","R02地価公示標準地"
"100041","302015","和歌山-10","地価公示","住宅","和歌山市","小倉字中萱枠３６番１０７","","135.2843149","34.24992314","","100,000","100,000","100,000","100,000","98,000","93,500","91,000","89,000","82,000","75,500","69,500","62,600","57,600","55,000","53,100","51,000","48,400","45,900","43,300","40,500","39,000","38,400","37,900","37,500","37,100","36,700","36,300","135.284314900005","34.2499231399996","R02地価公示標準地"
"100227","302015","和歌山-11","地価公示","住宅","和歌山市","西庄字中浜１０３６番１８１","","135.109243","34.255072","","","","","","","","","","","","","","","","","","","","","","","","","","","","36,300","135.109243000001","34.2550719999994","R02地価公示標準地"
"100044","302015","和歌山-12","地価公示","住宅","和歌山市","毛見字中地１０５８番２","","135.1862622","34.16610291","","","130,000","129,000","129,000","127,000","121,000","116,000","113,000","109,000","99,000","89,000","82,000","76,500","73,400","71,100","67,500","63,800","60,500","57,400","54,500","52,100","50,000","48,800","47,700","46,700","46,000","45,300","135.186262200003","34.1661029099958","R02地価公示標準地"
"100193","302015","和歌山-13","地価公示","住宅","和歌山市","西庄字清田２５１番１１","","135.1196042","34.25944381","","","","","","","","","","","","","","","","","","","","52,200","49,900","48,400","47,000","46,900","46,600","46,300","46,200","46,000","135.119604200002","34.2594438099984","R02地価公示標準地"
"100014","302015","和歌山-14","地価公示","住宅","和歌山市","松江東２丁目１０７４番２","松江東２－１－２０","135.1362854","34.24388145","97,200","97,000","98,000","98,000","98,000","93,000","81,500","76,000","70,400","66,000","61,700","57,000","52,000","49,000","47,000","45,900","44,100","42,200","40,300","38,500","36,700","35,600","34,500","33,800","33,400","33,000","32,500","31,800","135.136285400002","34.2438814499985","R02地価公示標準地"
"100015","302015","和歌山-15*","地価公示","住宅","和歌山市","向字高屋敷４５番１２","","135.1483017","34.25699866","","","","","","","","","","","","","","","","","61,500","59,300","56,700","53,500","51,400","50,400","50,000","49,500","49,100","48,700","48,300","47,900","135.148301700001","34.2569986599982","R02地価公示標準地"
"100045","302015","和歌山-16","地価公示","住宅","和歌山市","有本字長丁２２１番４４","","135.1972288","34.24775561","142,000","140,000","140,000","138,000","136,000","134,000","128,000","122,000","117,000","108,000","100,000","92,300","85,200","80,000","76,000","71,600","67,300","63,200","59,200","56,200","54,000","52,100","50,000","48,100","46,500","45,400","44,400","43,800","135.197228800003","34.2477556099971","R02地価公示標準地"
"100017","302015","和歌山-17","地価公示","住宅","和歌山市","木ノ本字宮ノ前７番５","","135.1216407","34.26429149","112,000","110,000","110,000","108,000","107,000","105,000","95,000","87,500","83,200","78,700","72,200","66,400","59,800","55,500","53,000","51,300","49,700","47,700","45,800","44,000","43,300","42,000","40,800","40,000","39,500","39,100","38,900","38,700","135.121640700002","34.2642914899979","R02地価公示標準地"
"100046","302015","和歌山-18","地価公示","住宅","和歌山市","西浜字下川向ノ坪１２７１番２","","135.154707","34.19926511","","118,000","118,000","117,000","117,000","116,000","109,000","103,000","99,500","94,800","89,300","83,000","77,100","71,900","70,700","69,400","65,900","62,600","59,500","56,000","52,800","50,900","49,100","47,700","46,400","44,900","43,800","42,800","135.154707000004","34.1992651099992","R02地価公示標準地"
"100019","302015","和歌山-19","地価公示","住宅","和歌山市","松江字向鵜ノ島１４９８番１０","","135.1559684","34.23970957","140,000","138,000","138,000","134,000","133,000","129,000","117,000","106,000","99,000","92,600","86,000","78,700","72,000","68,500","66,500","65,500","63,800","61,600","59,300","57,000","55,200","54,200","53,500","52,900","52,400","52,000","51,600","51,200","135.1559684","34.2397095699989","R02地価公示標準地"
"100020","302015","和歌山-20*","地価公示","住宅","和歌山市","西長町２丁目３８番","","135.1616311","34.22555008","305,000","292,000","282,000","270,000","247,000","226,000","201,000","189,000","179,000","169,000","162,000","148,000","139,000","132,000","132,000","135,000","132,000","131,000","125,000","122,000","120,000","117,000","117,000","118,000","119,000","121,000","122,000","123,000","135.161631100006","34.2255500800003","R02地価公示標準地"
"100196","302015","和歌山-21","地価公示","住宅","和歌山市","神前字曽根田７番８外","","135.2088637","34.21743066","","","","","","","","","","","","","","","","","","","","","67,000","65,300","64,900","64,700","64,600","64,600","64,600","64,600","135.208863700002","34.2174306599973","R02地価公示標準地"
"100022","302015","和歌山-22","地価公示","住宅","和歌山市","中之島字貝柄１１９３番","","135.1867047","34.24128288","223,000","212,000","205,000","197,000","189,000","182,000","163,000","153,000","146,000","139,000","132,000","124,000","117,000","112,000","110,000","110,000","107,000","103,000","99,000","95,300","91,400","90,000","89,800","89,900","89,900","89,900","90,000","90,000","135.186704700002","34.2412828799971","R02地価公示標準地"
"100023","302015","和歌山-23","地価公示","住宅","和歌山市","田尻字仁ノコ田３５番１４","","135.1969777","34.20551698","","","132,000","130,000","130,000","128,000","123,000","117,000","113,000","107,000","102,000","94,700","88,000","83,200","79,300","75,300","71,500","67,100","62,900","59,000","56,500","55,400","53,900","52,900","52,400","52,100","51,800","51,700","135.196977700002","34.2055169799975","R02地価公示標準地"
"100048","302015","和歌山-24","地価公示","住宅","和歌山市","小雑賀字垣内７５番","","135.1818148","34.20502082","141,000","139,000","139,000","136,000","134,000","133,000","125,000","120,000","116,000","110,000","103,000","95,800","89,000","84,700","82,200","80,100","75,300","71,000","66,900","63,500","60,700","58,800","56,600","55,300","54,100","53,400","52,800","52,300","135.181814800002","34.2050208199988","R02地価公示標準地"
"100025","302015","和歌山-25","地価公示","住宅","和歌山市","内原字下浜９３０番２２","","135.1919767","34.1707124","158,000","155,000","155,000","154,000","152,000","148,000","141,000","136,000","133,000","129,000","122,000","113,000","105,000","98,800","95,200","92,800","90,200","86,600","83,000","79,500","76,100","73,200","72,000","70,900","69,900","69,000","68,100","67,200","135.191976700004","34.1707123999961","R02地価公示標準地"
"100026","302015","和歌山-26","地価公示","住宅","和歌山市","船所字新田２１５番３６","","135.1871725","34.25400478","113,000","112,000","112,000","111,000","111,000","109,000","102,000","95,000","89,200","83,000","77,200","71,500","66,000","62,500","61,000","60,000","58,500","56,600","54,400","52,000","50,200","48,800","47,900","47,100","46,400","45,800","45,400","45,000","135.187172500002","34.2540047799973","R02地価公示標準地"
"100027","302015","和歌山-27*","地価公示","住宅","和歌山市","太田字神ノ畔１５２番","","135.1978551","34.2277255","323,000","313,000","302,000","285,000","260,000","241,000","208,000","188,000","178,000","165,000","157,000","148,000","141,000","135,000","131,000","135,000","133,000","130,000","127,000","125,000","124,000","124,000","127,000","129,000","131,000","131,000","132,000","133,000","135.197855100002","34.2277254999973","R02地価公示標準地"
"100028","302015","和歌山-28","地価公示","住宅","和歌山市","吉礼字池見５９６番２７","","135.2367329","34.19813786","121,000","119,000","119,000","117,000","116,000","114,000","109,000","106,000","104,000","98,100","90,800","84,000","77,500","72,200","69,000","65,800","62,000","58,000","53,600","49,000","45,500","43,100","41,400","40,300","39,500","38,800","38,200","37,700","135.236732900003","34.1981378599965","R02地価公示標準地"
"100029","302015","和歌山-29","地価公示","住宅","和歌山市","西小二里１丁目６２０番１０","西小二里１－１－１２","135.1634213","34.20610397","147,000","146,000","146,000","141,000","139,000","137,000","127,000","120,000","115,000","110,000","104,000","98,200","92,000","87,400","83,900","81,600","78,400","75,200","71,800","68,500","65,000","63,000","61,800","61,200","60,300","60,000","59,800","59,700","135.163421300005","34.2061039699975","R02地価公示標準地"
"100049","302015","和歌山-30","地価公示","住宅","和歌山市","砂山南２丁目１５番２","砂山南２－５－２４","135.1605265","34.21843965","","207,000","207,000","202,000","193,000","183,000","166,000","155,000","147,000","139,000","131,000","123,000","116,000","110,000","110,000","110,000","104,000","98,300","93,800","91,800","89,800","87,800","86,700","86,800","86,900","86,900","87,000","87,100","135.160526500004","34.2184396499991","R02地価公示標準地"
"100050","302015","和歌山-31","地価公示","住宅","和歌山市","堀止東２丁目５番２２","堀止東２－８－１５","135.175277","34.21602532","","242,000","234,000","226,000","214,000","205,000","187,000","176,000","166,000","157,000","148,000","138,000","130,000","126,000","126,000","126,000","125,000","121,000","117,000","114,000","113,000","113,000","115,000","117,000","119,000","120,000","121,000","122,000","135.175277000003","34.2160253199975","R02地価公示標準地"
"100212","302015","和歌山-32","地価公示","住宅","和歌山市","中島字上野覚６０５番４","","135.196999","34.2161162","","","","","","","","","","","","","","","","","","","","","","","","","64,100","64,100","64,100","64,100","135.196999000002","34.2161161999974","R02地価公示標準地"
"100051","302015","和歌山-33","地価公示","住宅","和歌山市","市小路字天王２０８番６","","135.1615012","34.25457015","","","145,000","143,000","142,000","138,000","125,000","113,000","103,000","95,500","87,500","81,300","75,500","72,000","71,000","70,500","68,500","66,300","63,700","61,500","59,100","57,200","56,500","55,800","55,200","54,600","54,000","53,400","135.161501200001","34.254570149998","R02地価公示標準地"
"100222","302015","和歌山-34","地価公示","住宅","和歌山市","湊１丁目２１０３番１６","湊１－５－２６","135.14841","34.235443","","","","","","","","","","","","","","","","","","","","","","","","","","","45,500","45,000","135.148410000001","34.235442999999","R02地価公示標準地"
"100035","302015","和歌山-35","地価公示","住宅","和歌山市","鳴神字奥嶋７９７番６","","135.2084062","34.23777582","159,000","155,000","155,000","153,000","150,000","147,000","140,000","132,000","126,000","119,000","112,000","104,000","96,500","89,500","86,000","83,700","83,000","80,500","77,900","75,500","73,100","71,600","70,400","70,000","69,700","69,400","69,100","68,900","135.208406200003","34.2377758199973","R02地価公示標準地"
"100052","302015","和歌山-36","地価公示","住宅","和歌山市","和歌浦南３丁目１６８１番１５","和歌浦南３－７－２","135.1714307","34.18502011","","165,000","165,000","160,000","157,000","154,000","146,000","141,000","136,000","130,000","123,000","116,000","108,000","101,000","97,000","94,100","90,600","86,500","82,600","79,500","76,300","73,200","69,600","67,200","65,000","63,000","61,100","59,900","135.171430700004","34.1850201099965","R02地価公示標準地"
"100037","302015","和歌山-37","地価公示","住宅","和歌山市","弘西字前芝３５６番２０","","135.2402664","34.26769111","","105,000","105,000","103,000","103,000","99,500","97,000","94,000","86,800","80,000","73,500","67,300","64,500","60,000","57,600","55,900","53,500","50,900","48,400","46,500","45,600","45,000","44,400","44,000","43,700","43,500","43,300","43,100","135.240266400004","34.2676911099972","R02地価公示標準地"
"100038","302015","和歌山-38","地価公示","住宅","和歌山市","大谷字川田１７３番１６","","135.1732553","34.2576761","","","","","","","","","","","","","72,200","67,300","65,300","64,000","62,000","59,600","57,100","55,300","53,700","52,600","52,200","52,300","52,300","52,300","52,300","52,300","135.173255300002","34.2576760999974","R02地価公示標準地"
"100039","302015","和歌山-39","地価公示","住宅","和歌山市","東高松４丁目２１６番５","東高松４－１－２１","135.1745502","34.20567435","272,000","252,000","246,000","233,000","215,000","204,000","182,000","170,000","162,000","155,000","146,000","135,000","125,000","118,000","115,000","115,000","114,000","112,000","110,000","108,000","108,000","109,000","111,000","113,000","115,000","117,000","118,000","119,000","135.174550200002","34.2056743499985","R02地価公示標準地"
"100040","302015","和歌山-40","地価公示","住宅","和歌山市","六十谷字西山田１０６４番３","","135.2006064","34.2640753","","122,000","122,000","121,000","120,000","116,000","107,000","100,000","92,000","84,600","77,500","71,100","63,800","58,700","57,000","56,000","54,700","53,000","51,400","49,900","48,500","46,200","44,400","43,100","42,000","41,300","40,800","40,500","135.200606400002","34.2640752999975","R02地価公示標準地"
"100208","302015","和歌山-41","地価公示","住宅","和歌山市","山口西字東垣内３４３番３","","135.261889","34.270966","","","","","","","","","","","","","","","","","","","","","","","","21,600","21,100","20,700","20,500","20,300","135.261889000003","34.2709659999993","R02地価公示標準地"
"100083","302015","和歌山-42","地価公示","住宅","和歌山市","弘西字開６７４番１７","","135.2424652","34.27235269","88,000","86,500","86,500","86,200","85,500","85,500","83,800","82,000","77,500","71,500","66,000","61,000","54,500","49,500","46,500","43,900","41,500","39,000","36,400","33,900","32,100","31,300","30,600","30,200","29,900","29,600","29,300","29,000","135.242465200003","34.2723526899977","R02地価公示標準地"
"100084","302015","和歌山-43","地価公示","住宅","和歌山市","栗栖字松本４８６番外","","135.2234772","34.23619542","73,000","72,000","72,000","71,800","71,500","70,500","63,500","59,800","57,000","54,200","51,400","46,500","43,000","40,400","37,500","35,600","34,000","31,000","28,800","26,800","25,000","23,600","22,500","22,200","21,900","21,600","21,300","21,000","135.223477200002","34.2361954199969","R02地価公示標準地"
"100085","302015","和歌山-44","地価公示","住宅","和歌山市","寺内字大門前５８５番外","","135.2209868","34.21362256","94,000","93,000","93,000","93,000","92,000","91,000","87,500","85,500","84,600","82,000","78,600","72,200","64,000","57,700","54,300","51,700","49,100","46,600","43,900","41,800","40,100","38,700","37,200","36,100","35,200","34,600","34,100","33,700","135.220986800003","34.2136225599974","R02地価公示標準地"
"100086","302015","和歌山-45","地価公示","住宅","和歌山市","山東中字東川向４９番４","","135.260237","34.20390362","51,000","51,000","51,000","51,000","51,000","51,000","50,500","50,200","50,000","48,700","47,000","44,700","41,000","38,100","36,500","35,000","33,200","31,500","29,700","28,600","27,800","27,200","26,600","26,200","25,900","25,600","25,300","25,000","135.260237000004","34.203903619997","R02地価公示標準地"
"100228","302015","和歌山-46","地価公示","住宅","和歌山市","冬野字城山９０４番","","135.211038","34.185575","","","","","","","","","","","","","","","","","","","","","","","","","","","","17,900","135.211038000004","34.185574999996","R02地価公示標準地"
"100213","302015","和歌山-47","地価公示","住宅","和歌山市","美園町２丁目８０番","","135.186521","34.230879","","","","","","","","","","","","","","","","","","","","","","","","","170,000","170,000","170,000","170,000","135.186521000003","34.2308789999969","R02地価公示標準地"
"100223","302023","海南-1","地価公示","住宅","海南市","重根東１丁目１６番７","","135.248972","34.156047","","","","","","","","","","","","","","","","","","","","","","","","","","","68,500","68,500","135.248972000002","34.1560469999978","R02地価公示標準地"
"100090","302023","海南-2","地価公示","住宅","海南市","船尾字中濱２１５番２３","","135.2029878","34.15946438","","","","","","","","","","","","","91,000","85,500","81,800","78,600","75,800","73,600","71,100","69,000","66,200","63,500","61,000","58,600","56,800","54,800","52,900","51,100","135.202987800005","34.1594643799959","R02地価公示標準地"
"100091","302023","海南-3","地価公示","住宅","海南市","下津町方字北原４１１番","","135.14884","34.12432743","","50,000","50,000","50,000","50,000","50,000","49,500","49,500","49,000","48,300","47,300","45,100","42,500","40,000","37,500","35,900","34,400","32,500","30,600","29,100","27,100","25,400","23,900","22,700","21,800","21,100","20,500","19,900","135.148840000006","34.1243274299959","R02地価公示標準地"
"100197","302023","海南-4","地価公示","住宅","海南市","大野中字井田前４７４番５８","","135.2217059","34.15398939","136,000","132,000","132,000","132,000","131,000","131,000","131,000","130,000","127,000","124,000","116,000","110,000","102,000","95,500","91,000","","","","","","79,500","78,400","78,000","77,700","76,700","75,500","74,300","73,200","135.221705900005","34.1539893899956","R02地価公示標準地"
"100205","302023","海南-5","地価公示","住宅","海南市","日方字上芦原１０２７番１８","","135.216407","34.157645","","","","","","","","","","","","","","","","","","","","","","","60,000","59,000","58,000","56,600","55,200","53,800","135.216407000006","34.1576449999953","R02地価公示標準地"
"100094","302023","海南-6","地価公示","住宅","海南市","幡川字奥ノ谷３０７番３","","135.2298004","34.15054341","","","98,000","96,500","96,000","96,000","95,500","95,000","93,500","91,100","86,800","82,900","77,200","72,500","67,500","64,000","60,700","57,400","54,000","51,300","48,500","46,900","45,600","44,500","43,500","42,800","42,200","41,600","135.229800400003","34.1505434099967","R02地価公示標準地"
"100095","302023","海南-7","地価公示","住宅","海南市","岡田字南山崎７７１番１","","135.2184233","34.16926935","","","","","","","","","","","","","49,700","46,800","44,600","42,800","41,100","39,000","37,000","35,000","33,100","31,800","30,600","29,600","28,700","27,800","27,000","26,200","135.218423300005","34.1692693499953","R02地価公示標準地"
"100096","302023","海南-8","地価公示","住宅","海南市","溝ノ口字宮ノ前２６番６","","135.2923368","34.16045803","","","","","","","","","","","","","","","","","","25,700","24,900","24,200","23,500","23,100","22,600","22,200","21,900","21,900","21,800","21,700","135.292336800005","34.160458029998","R02地価公示標準地"
"100097","302023","海南-9","地価公示","住宅","海南市","下津町小原字拝町１４６４番１２","","135.1510753","34.10840254","","80,000","80,000","79,800","79,600","79,000","78,000","77,000","76,100","74,800","73,000","70,500","67,000","64,000","60,500","57,500","54,800","52,700","51,000","49,000","47,500","46,200","45,000","44,000","43,100","42,700","42,400","42,000","135.151075300006","34.108402539996","R02地価公示標準地"
"100101","302031","橋本-1","地価公示","住宅","橋本市","古佐田３丁目５４４番３","古佐田３－９－１２","135.6157309","34.32041093","","","","","","","","","79,000","74,000","68,500","62,500","58,500","54,500","52,000","52,000","51,000","49,000","47,000","45,500","42,800","39,900","38,500","37,400","36,600","35,800","35,200","34,700","135.615730900003","34.3204109299973","R02地価公示標準地"
"100102","302031","橋本-2","地価公示","住宅","橋本市","紀見ケ丘３丁目２２３番１３７","紀見ケ丘３－８－１３","135.6107447","34.36412284","114,000","114,000","114,000","113,000","112,000","111,000","105,000","99,400","91,200","80,500","70,500","61,700","54,000","50,700","47,000","45,800","44,500","42,500","40,400","39,000","37,900","36,500","38,500","35,400","35,100","34,800","34,500","34,300","135.610744700005","34.3641228399985","R02地価公示標準地"
"100103","302031","橋本-3","地価公示","住宅","橋本市","隅田町河瀬字曽根２５５番","","135.6263357","34.31931776","","","","","","","","","","","","","53,000","49,000","46,500","45,800","44,300","41,700","39,500","37,900","35,700","34,000","32,800","31,900","31,100","30,400","29,800","29,200","135.626335700003","34.3193177599991","R02地価公示標準地"
"100104","302031","橋本-4","地価公示","住宅","橋本市","高野口町伏原字角門９６４番１","","135.5745344","34.30565073","","62,000","62,000","62,000","61,000","59,800","58,000","56,100","54,400","51,500","47,500","43,700","40,000","36,400","34,000","33,000","32,000","30,600","29,200","28,300","27,400","26,500","25,600","24,900","24,300","23,800","23,200","22,700","135.57453440001","34.3056507299995","R02地価公示標準地"
"100105","302031","橋本-5","地価公示","住宅","橋本市","高野口町向島字上嶋６番１２","","135.5571683","34.29839276","","","","","","78,000","74,000","70,400","66,900","62,900","57,800","52,900","48,200","43,800","41,500","40,500","39,300","37,500","35,700","34,400","33,200","32,400","31,800","31,200","30,700","30,400","30,100","29,800","135.557168300002","34.298392759998","R02地価公示標準地"
"100109","302040","有田-1","地価公示","住宅","有田市","箕島字西平尾８０５番８","","135.1204123","34.08726377","99,000","98,000","98,000","96,000","96,000","96,000","94,500","92,000","90,200","88,200","85,700","83,000","80,300","78,000","76,400","75,000","72,900","70,000","66,100","62,000","56,400","53,100","51,000","49,200","47,600","46,300","45,200","44,200","135.120412300006","34.0872637699973","R02地価公示標準地"
"100110","302040","有田-2","地価公示","住宅","有田市","初島町浜字北網干場１４５７番６","","135.1162134","34.09882217","57,500","57,000","57,000","57,000","57,000","57,000","56,500","55,800","55,000","54,200","53,200","52,000","50,500","49,000","48,000","47,200","45,400","43,500","40,900","38,400","36,000","34,500","33,200","32,100","31,100","30,200","29,400","28,600","135.116213400007","34.0988221699968","R02地価公示標準地"
"100111","302040","有田-3","地価公示","住宅","有田市","宮崎町字宮ノ脇５１６番４","","135.108407","34.07893765","","","73,000","73,000","73,000","73,000","72,000","70,200","68,800","67,200","64,800","62,500","60,300","58,000","56,300","55,000","53,200","51,100","48,700","46,600","44,500","42,600","40,900","39,600","38,400","37,400","36,500","35,700","135.108407000006","34.0789376499979","R02地価公示標準地"
"100114","302058","御坊-1","地価公示","住宅","御坊市","島字籠田１５１番６","","135.1593068","33.89461458","75,000","74,000","74,000","73,600","73,600","72,800","71,800","70,400","69,500","68,100","66,800","65,500","64,000","61,300","58,800","56,700","54,400","50,600","46,900","43,900","41,100","39,000","36,900","35,000","33,200","31,600","30,100","28,900","135.159306800005","33.8946145799966","R02地価公示標準地"
"100115","302058","御坊-2","地価公示","住宅","御坊市","湯川町富安字小谷２１９７番１４","","135.1609775","33.9117987","48,000","47,000","47,000","46,500","46,500","46,400","46,200","46,000","45,500","44,900","44,200","43,400","42,500","40,700","39,000","37,700","36,200","33,500","30,900","28,700","26,700","25,100","23,700","22,600","21,600","21,000","20,500","19,900","135.160977500003","33.9117986999967","R02地価公示標準地"
"100116","302058","御坊-3","地価公示","住宅","御坊市","湯川町小松原字中ノ坪１９８番１","","135.1626295","33.90252779","","","","","","","","","","","","","","","","","52,200","48,500","44,900","41,800","39,000","36,800","34,700","33,300","32,100","31,400","30,500","30,000","135.162629500004","33.9025277899968","R02地価公示標準地"
"100119","302066","田辺-1*","地価公示","住宅","田辺市","南新万１１２５番６４","南新万２－６","135.3929038","33.73098463","","","112,000","112,000","115,000","115,000","115,000","111,000","108,000","105,000","103,000","101,000","99,300","97,700","94,000","91,100","87,600","84,000","80,000","78,000","80,100","83,800","92,000","100,000","105,000","106,000","107,000","108,000","135.392903800005","33.7309846299998","R02地価公示標準地"
"100120","302066","田辺-2","地価公示","住宅","田辺市","古尾２４番１０","古尾８－３","135.372593","33.736193","","","","","","","","","","","","","59,000","57,000","55,300","53,500","51,500","44,900","41,700","39,700","37,000","35,100","33,600","32,400","31,400","30,700","30,100","29,600","135.372593000006","33.7361929999983","R02地価公示標準地"
"100121","302066","田辺-3","地価公示","住宅","田辺市","神島台２９１５番２０３","神島台１９－５","135.4023887","33.70666444","","","97,000","97,000","97,000","97,000","96,800","93,000","89,700","86,200","82,800","79,700","76,400","73,800","70,800","68,400","66,000","63,400","60,500","58,600","57,400","57,400","61,000","63,200","65,400","67,000","68,500","69,800","135.402388700004","33.7066644399987","R02地価公示標準地"
"100122","302066","田辺-4","地価公示","住宅","田辺市","磯間１８３番２３","磯間２３－１３","135.3841304","33.72108906","","","","","","103,000","103,000","98,100","94,200","90,400","86,300","82,400","78,900","75,000","72,000","69,400","66,800","64,000","60,900","55,400","52,600","50,000","47,900","46,500","45,300","44,500","43,800","43,000","135.384130400005","33.7210890599982","R02地価公示標準地"
"100127","302074","新宮-1","地価公示","住宅","新宮市","磐盾１９３４番４","磐盾２－４８","135.9823031","33.72022344","90,000","88,500","88,500","88,500","88,500","88,500","87,000","85,300","82,800","80,200","78,100","75,800","73,500","71,300","69,000","66,600","64,300","61,600","59,500","54,000","49,500","48,200","46,000","45,100","44,300","43,500","42,900","42,400","135.982303100004","33.7202234399993","R02地価公示標準地"
"100128","302074","新宮-2","地価公示","住宅","新宮市","熊野地２丁目５５７２番１５","熊野地２－８－１０","136.0035647","33.72241845","73,000","72,000","72,000","72,000","72,000","72,000","71,000","69,600","68,300","66,900","65,800","63,800","61,800","60,000","58,000","56,100","54,200","52,000","48,500","44,500","40,200","38,000","35,600","34,200","32,900","31,900","31,100","30,500","136.003564700003","33.7224184500009","R02地価公示標準地"
"100198","302074","新宮-3","地価公示","住宅","新宮市","三輪崎字岡﨑１２２０番１０","","135.9782793","33.68869965","","","","","","","","","","","","","","","","","","","","","34,000","33,000","32,100","31,500","31,000","30,500","30,100","29,800","135.978279300006","33.6886996499984","R02地価公示標準地"
"100132","302082","紀の川-1","地価公示","住宅","紀の川市","打田字鳥池１２９２番１３","","135.3643257","34.2638854","","100,000","100,000","96,500","95,500","91,500","85,000","81,000","77,700","72,500","68,100","62,000","56,300","52,000","49,700","47,400","45,000","42,000","39,200","36,700","34,400","33,000","32,000","31,400","30,900","30,400","29,900","29,500","135.364325700003","34.2638853999987","R02地価公示標準地"
"100133","302082","紀の川-2","地価公示","住宅","紀の川市","北大井字一ノ戸３９７番２外","","135.360459","34.27590289","","","","","","","","","","","","","","","","","","27,200","25,900","24,600","23,300","22,600","22,300","21,900","21,600","21,300","21,000","20,700","135.360459000003","34.2759028899988","R02地価公示標準地"
"100134","302082","紀の川-3","地価公示","住宅","紀の川市","粉河字彌谷４８０１番１４","","135.4074707","34.27838837","","89,000","89,000","88,000","86,800","86,000","80,000","75,000","70,700","66,000","61,500","56,200","51,000","46,700","44,500","42,400","40,200","37,600","35,300","33,200","30,400","28,800","27,400","26,200","25,100","24,100","23,200","22,800","135.407470700004","34.2783883699977","R02地価公示標準地"
"100140","302082","紀の川-4","地価公示","住宅","紀の川市","貴志川町長原字城山４４４番３４","","135.3069242","34.21674508","","","82,000","79,500","76,500","75,500","71,000","67,300","64,500","60,200","56,200","51,900","47,000","43,500","41,800","40,300","37,900","35,600","33,400","31,400","29,000","27,500","26,600","25,900","25,300","24,800","24,300","23,900","135.306924200006","34.2167450799972","R02地価公示標準地"
"100136","302082","紀の川-5","地価公示","住宅","紀の川市","井田字上嶋６０番３０","","135.4182582","34.26895752","","","","","","","","","","","","","","","","","","30,800","29,300","27,800","26,200","24,900","24,200","23,600","23,000","22,500","22,100","21,800","135.418258200004","34.2689575199974","R02地価公示標準地"
"100137","302082","紀の川-6","地価公示","住宅","紀の川市","江川中字髙井５０５番１","","135.4381626","34.29097356","","33,000","33,000","32,800","32,800","32,800","32,000","31,500","31,000","30,400","29,800","28,800","27,500","26,000","24,500","23,100","21,600","20,000","18,900","18,000","17,300","16,800","16,300","15,800","15,400","15,100","14,900","14,700","135.438162600003","34.2909735599987","R02地価公示標準地"
"100138","302082","紀の川-7","地価公示","住宅","紀の川市","桃山町市場字安ラ賀１８９番１４","","135.350149","34.23883625","","","","","","","","","62,000","58,400","54,800","51,200","47,000","43,300","41,200","39,100","37,000","34,600","32,500","30,900","28,800","27,300","26,200","25,400","24,800","24,200","23,700","23,300","135.350149000004","34.2388362499961","R02地価公示標準地"
"100139","302082","紀の川-8","地価公示","住宅","紀の川市","貴志川町井ノ口字帆布６２５番５","","135.3123609","34.20295096","","","66,000","64,800","63,500","62,800","59,000","56,500","54,600","51,500","48,400","44,800","41,400","38,500","37,000","35,700","33,500","31,100","29,200","27,800","26,000","24,700","23,900","23,200","22,600","22,400","22,200","22,000","135.312360900006","34.2029509599967","R02地価公示標準地"
"100146","302091","岩出-1","地価公示","住宅","岩出市","高瀬字村北１６番２７","","135.3139905","34.25833347","","125,000","125,000","117,000","110,000","105,000","93,000","86,000","81,300","75,200","69,700","64,000","59,400","55,200","53,100","51,900","50,400","48,900","47,700","46,500","45,700","45,700","47,000","47,000","47,000","46,600","46,400","46,200","135.313990500008","34.2583334699992","R02地価公示標準地"
"100147","302091","岩出-2","地価公示","住宅","岩出市","根来字家廻り１２３２番","","135.3077739","34.2807474","","66,000","66,000","64,500","62,100","60,800","57,500","54,500","52,200","49,500","47,000","43,200","39,600","36,500","34,700","33,700","32,500","31,200","30,000","29,100","28,300","28,000","27,900","27,100","26,400","25,800","25,300","24,800","135.307773900009","34.2807473999986","R02地価公示標準地"
"100149","303411","かつらぎ-1","地価公示","住宅","かつらぎ町","大字丁ノ町字外島２５２９番１６","","135.5178059","34.29621098","","","","","","","","","","68,000","64,500","59,600","55,500","51,800","49,000","48,000","46,500","43,700","41,200","40,000","38,900","37,800","36,900","36,100","35,300","34,600","34,000","33,500","135.517805900004","34.2962109799987","R02地価公示標準地"
"100150","303411","かつらぎ-2","地価公示","住宅","かつらぎ町","大字東渋田字宮ノ本３３５番４","","135.4809438","34.27838551","","","","","46,000","45,000","44,300","43,300","42,600","40,900","38,500","35,600","32,900","30,600","28,900","28,000","27,000","25,500","24,100","22,800","22,200","21,600","21,000","20,500","20,000","19,600","19,200","18,800","135.480943800004","34.2783855099971","R02地価公示標準地"
"100152","303437","九度山-1","地価公示","住宅","九度山町","大字九度山字桃園１３６５番３","","135.5613563","34.290125","","48,000","48,000","48,000","48,000","48,000","47,500","47,000","46,500","46,000","45,200","42,500","38,500","35,000","32,900","32,000","31,100","30,100","29,100","28,300","27,700","26,700","25,700","25,000","24,400","23,800","23,400","23,000","135.561356300003","34.2901249999984","R02地価公示標準地"
"100153","303437","九度山-2","地価公示","住宅","九度山町","大字慈尊院字堂ノ壇１１４番５外","","135.5485933","34.29642316","","","","","","","","39,400","39,000","38,600","38,100","36,000","33,000","30,400","28,800","28,000","27,200","26,200","25,500","24,900","24,300","23,600","23,000","22,500","22,000","21,600","21,400","21,200","135.548593300002","34.296423159998","R02地価公示標準地"
"100225","303445","高野-1","地価公示","住宅","高野町","大字高野山字西院谷２５７番３","","135.575777","34.21228","","","","","","","","","","","","","","","","","","","","","","","","","","","28,400","27,800","135.575777000004","34.2122799999974","R02地価公示標準地"
"100156","303445","高野-2","地価公示","住宅","高野町","大字高野山字奥ノ院４９番１００","","135.6085953","34.2170643","","25,000","25,000","25,000","25,000","25,000","25,000","25,000","24,900","24,800","24,600","24,400","24,200","24,000","23,900","23,900","23,900","23,500","23,100","22,800","22,100","21,200","20,400","19,900","19,400","19,000","18,600","18,200","135.608595300005","34.2170642999991","R02地価公示標準地"
"100157","303615","湯浅-1","地価公示","住宅","湯浅町","大字湯浅字馬出１９５８番１５","","135.1828598","34.03735651","","79,000","79,000","78,300","78,300","78,300","77,100","75,800","74,600","72,200","70,000","67,800","65,700","63,700","62,500","61,500","59,900","56,900","51,000","47,500","44,700","42,100","39,800","37,600","35,600","34,100","32,800","31,600","135.182859800008","34.0373565099934","R02地価公示標準地"
"100158","303615","湯浅-2","地価公示","住宅","湯浅町","大字湯浅字野田１４２８番１２","","135.1887942","34.03554102","","75,000","75,000","75,000","75,000","75,000","74,300","73,200","72,200","70,000","67,500","65,000","62,600","60,700","60,000","59,400","57,700","54,900","49,500","45,700","42,700","40,100","38,500","37,400","36,500","35,600","34,900","34,200","135.188794200005","34.0355410199943","R02地価公示標準地"
"100199","303666","有田川-1","地価公示","住宅","有田川町","大字下津野字總中１０８７番３","","135.2121862","34.06038766","","","","","","","","","","","","","","","","","","","","","46,400","46,700","46,700","46,800","46,800","46,700","46,600","46,500","135.212186200004","34.0603876599936","R02地価公示標準地"
"100161","303666","有田川-2","地価公示","住宅","有田川町","大字角字早田２２０番","","135.2189876","34.07449608","","46,000","46,000","46,000","46,000","46,000","45,300","44,600","44,000","43,300","42,800","42,100","41,500","40,800","40,500","40,300","39,400","37,600","35,400","33,500","31,600","29,800","28,700","27,600","26,600","25,800","25,000","24,300","135.218987600006","34.0744960799979","R02地価公示標準地"
"100163","303810","和歌山美浜-1","地価公示","住宅","美浜町","大字田井字釡井戸２８５番３","","135.1479259","33.89427328","","57,000","57,000","57,000","57,000","56,800","56,700","56,600","56,500","55,600","54,600","52,800","51,000","49,000","47,300","45,800","44,100","42,100","39,700","37,600","35,400","33,400","31,900","30,700","29,600","28,800","28,100","27,400","135.147925900005","33.8942732799963","R02地価公示標準地"
"100164","303810","和歌山美浜-2","地価公示","住宅","美浜町","大字吉原字大松原１０９０番１８","","135.1479779","33.88500043","","43,500","43,500","43,500","43,500","43,500","43,500","43,500","43,500","43,000","42,400","41,300","40,000","38,500","37,100","35,900","34,500","32,600","31,000","29,500","28,000","26,700","25,600","24,600","23,700","23,000","22,400","21,900","135.147977900005","33.885000429997","R02地価公示標準地"
"100166","303836","由良-1","地価公示","住宅","由良町","大字阿戸字木場坪１００１番１８","","135.1137853","33.95596724","","45,000","45,000","45,000","45,000","45,000","45,000","45,000","44,900","44,400","43,700","42,900","42,000","40,500","39,200","38,000","36,800","35,600","33,900","32,200","30,600","29,000","27,500","26,000","24,600","23,400","22,300","21,300","135.113785300003","33.9559672399998","R02地価公示標準地"
"100167","303836","由良-2","地価公示","住宅","由良町","大字里字野手８４５番４","","135.1253819","33.96190476","","35,000","35,000","35,000","35,000","35,000","35,000","35,000","34,900","34,800","34,600","34,300","33,500","32,500","31,500","30,600","29,600","28,600","27,200","25,800","24,500","23,300","22,300","21,500","20,800","20,100","19,600","19,100","135.125381900004","33.961904759999","R02地価公示標準地"
"100169","303917","みなべ-1","地価公示","住宅","みなべ町","北道字西里中２５１番","","135.3213791","33.76807494","","72,000","72,000","72,000","72,000","72,000","71,000","69,600","68,200","66,600","64,700","62,400","60,000","58,000","56,100","54,100","51,900","49,400","46,800","44,000","41,400","39,400","37,500","36,500","35,600","34,900","34,400","33,900","135.321379100005","33.7680749399995","R02地価公示標準地"
"100170","303917","みなべ-2","地価公示","住宅","みなべ町","芝字芝添６７０番１","","135.3238538","33.77139755","","61,000","61,000","61,000","61,000","61,000","61,000","60,500","60,000","59,200","58,100","56,500","55,000","53,800","52,700","51,500","49,500","47,400","45,200","42,800","40,600","38,500","36,600","35,500","34,500","33,800","33,200","32,700","135.323853800004","33.7713975500004","R02地価公示標準地"
"100173","304018","白浜-1","地価公示","住宅","白浜町","字_田奥１０８８番１０","","135.3488142","33.68728933","","105,000","105,000","105,000","104,000","103,000","101,000","98,000","94,300","89,000","83,400","77,500","71,300","67,200","64,000","61,100","58,000","54,800","51,600","49,000","45,600","43,200","41,300","40,000","39,500","39,100","39,100","39,000","135.348814200005","33.6872893300018","R02地価公示標準地"
"100174","304018","白浜-2","地価公示","住宅","白浜町","堅田字坂巻２７６０番４４","","135.3876566","33.66465846","","66,000","66,000","66,000","66,000","66,000","65,000","63,800","61,500","58,000","55,000","52,400","48,200","45,700","43,300","41,300","39,600","37,900","36,300","35,000","34,400","33,900","33,900","34,000","34,200","34,400","34,500","34,600","135.387656600004","33.6646584599973","R02地価公示標準地"
"100200","304018","白浜-3","地価公示","住宅","白浜町","日置字海蔵寺前１６９番６","","135.4450041","33.56928109","","","","","","","","","","","","","","","","","","","","","17,400","16,500","15,700","15,200","14,800","14,500","14,300","14,100","135.445004100005","33.5692810899993","R02地価公示標準地"
"100178","304042","上富田-1","地価公示","住宅","上富田町","朝来字沖之芝７９３番１","","135.4275413","33.69476964","","","","","","","","","","","","47,800","46,300","44,900","43,500","42,500","41,400","40,100","38,500","37,000","36,200","35,600","35,000","34,800","34,700","34,600","34,500","34,500","135.427541300006","33.69476964","R02地価公示標準地"
"100179","304042","上富田-2","地価公示","住宅","上富田町","南紀の台１８０５番４９０","南紀の台１９－２８","135.4035846","33.70028303","","","","","","71,000","69,000","66,800","64,200","60,500","56,000","51,000","46,000","44,000","41,000","38,900","36,900","33,900","31,500","29,500","28,700","28,700","29,700","30,400","31,100","31,900","32,700","33,500","135.403584600004","33.7002830299983","R02地価公示標準地"
"100229","304069","すさみ-1","地価公示","住宅","すさみ町","周参見字中之町４２３３番","","135.494154","33.547963","","","","","","","","","","","","","","","","","","","","","","","","","","","","19,500","135.494154000008","33.5479629999978","R02地価公示標準地"
"100182","304069","すさみ-2","地価公示","住宅","すさみ町","周参見字山本１８２４番１","","135.490904","33.55714816","","","","","","","","17,800","17,600","17,300","17,000","16,700","16,400","16,100","16,000","15,900","15,500","14,900","14,300","13,700","13,100","12,600","12,100","11,800","11,500","11,300","11,100","10,900","135.490904000008","33.5571481599982","R02地価公示標準地"
"100184","304212","那智勝浦-1","地価公示","住宅","那智勝浦町","大字天満字須﨑７４９番５","","135.9369506","33.63399049","","65,000","65,000","65,000","65,000","64,700","64,000","61,800","60,000","58,500","56,000","53,200","50,000","47,400","45,300","43,300","41,500","39,600","36,800","33,600","31,000","30,000","29,000","28,100","27,500","27,000","26,600","26,200","135.936950600005","33.6339904899984","R02地価公示標準地"
"100203","304212","那智勝浦-2","地価公示","住宅","那智勝浦町","大字宇久井字鍛治谷口１７３０番１５１","","135.9607834","33.65951412","","","","","","","","","","","","","","","","","","","","","","25,100","25,100","25,000","24,500","24,100","23,800","23,600","135.960783400003","33.6595141199986","R02地価公示標準地"
"100187","304221","太地-1","地価公示","住宅","太地町","大字森浦字汐入５５１番３９","","135.9333689","33.59153261","","40,000","40,000","40,000","40,000","40,000","39,600","39,200","38,800","37,800","36,800","34,800","32,700","31,000","29,700","28,900","28,000","26,500","24,700","22,400","20,300","19,000","18,000","17,200","16,600","16,100","15,700","15,300","135.933368900006","33.5915326099967","R02地価公示標準地"
"100188","304221","太地-2","地価公示","住宅","太地町","大字太地字丹甫３５６９番４","","135.9448289","33.58860715","","60,000","60,000","60,000","59,500","59,000","57,500","56,200","54,500","52,800","50,400","47,500","44,500","42,000","39,900","38,200","36,200","34,200","31,700","28,800","26,100","24,700","23,700","22,900","22,200","21,600","21,100","20,700","135.944828900004","33.5886071499999","R02地価公示標準地"
"100189","304280","串本-1","地価公示","住宅","串本町","串本字沖之芝生２４５番１","","135.779549","33.472664","","","","","","","69,000","67,800","66,500","64,200","62,000","59,900","56,000","52,400","49,500","47,300","44,900","41,800","38,800","33,900","30,400","28,400","27,000","26,000","25,100","24,300","23,600","22,900","135.779549000007","33.4726640000003","R02地価公示標準地"
"100190","304280","串本-2","地価公示","住宅","串本町","西向字横畑９４６番外","","135.8171206","33.5100099","","40,000","40,000","40,000","40,000","40,000","39,600","39,200","38,800","37,800","36,400","34,300","32,200","30,300","28,900","27,700","26,400","24,800","23,100","21,000","19,100","17,700","16,700","16,000","15,400","14,900","14,500","14,100","135.817120600001","33.5100098999997","R02地価公示標準地"
"100214","304280","串本-3","地価公示","住宅","串本町","サンゴ台１１８４番２８","","135.785867","33.483336","","","","","","","","","","","","","","","","","","","","","","","","","49,300","49,800","50,100","50,500","135.785867000003","33.4833359999998","R02地価公示標準地"
"100230","302015","和歌山3-1","地価公示","宅見","和歌山市","土入字三計代１５７番","","135.142443","34.251149","","","","","","","","","","","","","","","","","","","","","","","","","","","","13,000","135.142443000003","34.2511489999983","R02地価公示標準地"
"100054","302015","和歌山5-1*","地価公示","商業","和歌山市","友田町５丁目５０番外","","135.1897293","34.23241707","","","","","","","","833,000","790,000","682,000","618,000","562,000","531,000","507,000","512,000","528,000","527,000","507,000","489,000","470,000","444,000","438,000","438,000","438,000","438,000","438,000","440,000","442,000","135.189729300003","34.2324170699969","R02地価公示標準地"
"100055","302015","和歌山5-2","地価公示","商業","和歌山市","西浜字下新堤内ノ坪９８３番８","","135.1584396","34.19813791","","","","","195,000","182,000","162,000","154,000","148,000","139,000","130,000","120,000","110,000","105,000","103,000","102,000","98,900","95,900","92,300","89,000","85,900","84,100","82,900","82,200","81,600","81,300","81,000","81,000","135.158439600004","34.1981379099993","R02地価公示標準地"
"100056","302015","和歌山5-3","地価公示","商業","和歌山市","田中町４丁目１１８番","","135.1889517","34.22801422","780,000","685,000","615,000","510,000","430,000","374,000","314,000","280,000","254,000","217,000","196,000","176,000","162,000","155,000","155,000","157,000","156,000","151,000","145,000","140,000","137,000","136,000","136,000","138,000","139,000","140,000","141,000","142,000","135.188951700002","34.2280142199967","R02地価公示標準地"
"100057","302015","和歌山5-4","地価公示","商業","和歌山市","黒田字流１０８番７(東和歌山第2､18－10－1)","","135.192785","34.235461","","","","","","","","","","","","155,000","146,000","138,000","136,000","137,000","136,000","133,000","130,000","128,000","127,000","128,000","131,000","133,000","134,000","135,000","136,000","137,000","135.192785000003","34.2354609999969","R02地価公示標準地"
"100058","302015","和歌山5-5*","地価公示","商業","和歌山市","中之島字西垣内６７３番９外","","135.1803257","34.23951786","486,000","418,000","388,000","325,000","278,000","248,000","211,000","190,000","180,000","169,000","157,000","144,000","133,000","128,000","127,000","127,000","125,000","121,000","116,000","112,000","110,000","109,000","109,000","110,000","110,000","110,000","111,000","112,000","135.180325700004","34.2395178599975","R02地価公示標準地"
"100059","302015","和歌山5-6","地価公示","商業","和歌山市","新中島字明石６７番１１","","135.1987903","34.2151689","","","","","","","","","","","","130,000","120,000","113,000","110,000","110,000","110,000","109,000","108,000","107,000","106,000","106,000","107,000","108,000","109,000","109,000","110,000","111,000","135.198790300002","34.2151688999974","R02地価公示標準地"
"100060","302015","和歌山5-7","地価公示","商業","和歌山市","十三番丁１２番","","135.1688003","34.23220933","605,000","526,000","485,000","412,000","350,000","310,000","265,000","224,000","206,000","191,000","172,000","153,000","141,000","136,000","135,000","135,000","135,000","131,000","127,000","124,000","122,000","123,000","125,000","127,000","129,000","130,000","131,000","133,000","135.168800300007","34.2322093300003","R02地価公示標準地"
"100061","302015","和歌山5-8","地価公示","商業","和歌山市","元寺町１丁目６９番","","135.1767056","34.23420927","","","","","","","","","","378,000","330,000","289,000","250,000","220,000","205,000","205,000","200,000","195,000","186,000","179,000","173,000","170,000","170,000","171,000","172,000","173,000","174,000","174,000","135.176705600004","34.2342092699971","R02地価公示標準地"
"100062","302015","和歌山5-9","地価公示","商業","和歌山市","西高松２丁目６７番８","西高松２－９－６","135.1706071","34.20484669","435,000","386,000","362,000","318,000","280,000","256,000","217,000","190,000","178,000","166,000","154,000","141,000","129,000","121,000","118,000","116,000","110,000","105,000","102,000","98,900","97,000","96,500","96,300","96,300","96,300","96,400","96,500","96,600","135.170607100004","34.2048466899972","R02地価公示標準地"
"100063","302015","和歌山5-10","地価公示","商業","和歌山市","和歌浦東２丁目５９４番４４","和歌浦東２－９－５４","135.1760103","34.19205159","","","","","210,000","195,000","174,000","162,000","155,000","146,000","138,000","129,000","121,000","115,000","110,000","108,000","105,000","99,800","94,700","90,200","86,000","83,200","81,300","82,300","82,300","82,300","82,300","82,300","135.176010300002","34.192051589998","R02地価公示標準地"
"100064","302015","和歌山5-11","地価公示","商業","和歌山市","松江北６丁目４１９番４６外","松江北６－９－２６","135.1250082","34.25237086","323,000","288,000","265,000","235,000","215,000","198,000","170,000","156,000","144,000","132,000","121,000","110,000","98,500","91,000","88,300","86,300","83,600","79,200","74,300","69,900","67,600","65,700","64,000","62,500","61,100","59,800","58,900","57,900","135.125008200003","34.2523708599982","R02地価公示標準地"
"100204","302015","和歌山5-12","地価公示","商業","和歌山市","十番丁５番","","135.174286","34.231145","","","","","","","","","","","","","","","","","","","","","","","232,000","235,000","237,000","240,000","242,000","244,000","135.174286000004","34.2311449999969","R02地価公示標準地"
"100066","302015","和歌山5-13","地価公示","商業","和歌山市","和歌浦中１丁目１２２８番９","和歌浦中１－５－８","135.1675025","34.19019836","273,000","254,000","242,000","226,000","211,000","200,000","182,000","162,000","146,000","135,000","125,000","116,000","105,000","98,700","96,200","94,200","91,100","86,800","82,500","79,500","75,700","73,800","72,200","71,300","70,500","70,000","69,300","68,600","135.167502500004","34.1901983599971","R02地価公示標準地"
"100067","302015","和歌山5-14","地価公示","商業","和歌山市","太田３丁目１番２外","太田３－１－２８","135.1978258","34.22981881","691,000","630,000","560,000","476,000","403,000","350,000","294,000","265,000","251,000","229,000","207,000","187,000","169,000","160,000","158,000","158,000","157,000","153,000","146,000","140,000","138,000","138,000","140,000","142,000","143,000","144,000","145,000","146,000","135.197825800002","34.2298188099975","R02地価公示標準地"
"100068","302015","和歌山5-15","地価公示","商業","和歌山市","築港５丁目７番１２","","135.1513202","34.22072328","","258,000","242,000","220,000","202,000","190,000","168,000","157,000","148,000","137,000","126,000","110,000","96,800","90,200","85,200","81,800","78,500","74,400","70,800","68,000","65,500","63,800","63,000","62,100","61,300","60,600","60,000","59,700","135.151320200003","34.2207232799997","R02地価公示標準地"
"100069","302015","和歌山5-16","地価公示","商業","和歌山市","新生町６６番７","新生町１０－１０","135.1897298","34.22261584","635,000","558,000","500,000","418,000","352,000","314,000","268,000","240,000","223,000","210,000","192,000","175,000","161,000","154,000","152,000","154,000","154,000","150,000","146,000","143,000","141,000","140,000","142,000","143,000","144,000","144,000","144,000","145,000","135.189729800002","34.2226158399971","R02地価公示標準地"
"100070","302015","和歌山5-17","地価公示","商業","和歌山市","小松原通３丁目６７番外","","135.1689518","34.22138341","750,000","660,000","587,000","498,000","428,000","375,000","315,000","280,000","259,000","238,000","216,000","194,000","184,000","179,000","179,000","182,000","180,000","176,000","171,000","168,000","166,000","166,000","168,000","171,000","172,000","173,000","174,000","175,000","135.168951800005","34.2213834099995","R02地価公示標準地"
"100071","302015","和歌山5-18","地価公示","商業","和歌山市","畑屋敷西ノ丁６８番１外","","135.1808582","34.23518529","700,000","590,000","520,000","435,000","370,000","330,000","290,000","253,000","226,000","209,000","186,000","164,000","149,000","142,000","135,000","134,000","130,000","126,000","122,000","119,000","117,000","116,000","116,000","117,000","118,000","119,000","119,000","120,000","135.180858200004","34.2351852899971","R02地価公示標準地"
"100072","302015","和歌山5-19","地価公示","商業","和歌山市","三番丁７７番","","135.1770316","34.22777687","","410,000","370,000","323,000","290,000","259,000","234,000","215,000","200,000","190,000","171,000","156,000","147,000","139,000","134,000","135,000","134,000","132,000","128,000","125,000","123,000","124,000","126,000","128,000","129,000","131,000","133,000","134,000","135.177031600002","34.2277768699958","R02地価公示標準地"
"100073","302015","和歌山5-20","地価公示","商業","和歌山市","屋形町２丁目７番","","135.1773415","34.2296227","","1,250,000","1,150,000","960,000","816,000","685,000","590,000","510,000","465,000","397,000","330,000","273,000","228,000","214,000","210,000","212,000","210,000","202,000","193,000","185,000","181,000","181,000","184,000","186,000","189,000","192,000","194,000","196,000","135.177341500003","34.2296226999968","R02地価公示標準地"
"100074","302015","和歌山5-21","地価公示","商業","和歌山市","紀三井寺字南前浜６２１番１","","135.185684","34.18205665","","","","","","","","","169,000","161,000","149,000","137,000","126,000","120,000","118,000","118,000","117,000","115,000","112,000","108,000","105,000","104,000","104,000","106,000","107,000","108,000","109,000","109,000","135.185684000003","34.1820566499978","R02地価公示標準地"
"100076","302015","和歌山5-22","地価公示","商業","和歌山市","向字大西１５６番１","","135.14451","34.2580315","","","","","","","","","","","","108,000","96,100","90,000","88,200","87,500","85,500","81,500","75,800","72,000","69,000","67,200","66,600","66,100","65,600","64,900","64,600","64,300","135.144510000004","34.2580314999981","R02地価公示標準地"
"100077","302015","和歌山5-23","地価公示","商業","和歌山市","松島字平柳１０５番２外","","135.2079981","34.24469995","","","","","","","","","","140,000","129,000","117,000","105,000","97,000","94,000","91,200","88,000","84,000","80,200","77,500","75,200","73,500","72,200","71,900","71,800","71,700","71,600","71,600","135.207998100003","34.2446999499972","R02地価公示標準地"
"100079","302015","和歌山5-24","地価公示","商業","和歌山市","舟津町３丁目４番","","135.1598972","34.22077264","365,000","328,000","305,000","278,000","248,000","225,000","184,000","167,000","159,000","151,000","142,000","133,000","125,000","120,000","116,000","116,000","114,000","110,000","106,000","103,000","101,000","101,000","102,000","103,000","104,000","104,000","104,000","104,000","135.159897200005","34.2207726399995","R02地価公示標準地"
"100201","302015","和歌山5-25","地価公示","商業","和歌山市","小雑賀字西浜畑６４０番３外","","135.1832859","34.20116376","","","","","","","","","","","","","","","","","","","","","","99,900","99,900","101,000","102,000","103,000","104,000","105,000","135.183285900003","34.2011637599987","R02地価公示標準地"
"100202","302015","和歌山5-26","地価公示","商業","和歌山市","善明寺字岡ノ下３０２番１","","135.1867881","34.26166771","","","","","","","","","","","","","","","","","","","","","","73,000","73,000","73,400","73,800","74,100","74,400","74,600","135.186788100002","34.2616677099973","R02地価公示標準地"
"100216","302015","和歌山5-27","地価公示","商業","和歌山市","秋月字硲４１２番１","","135.2068","34.2281475","","","","","","","","","","","","","","","","","","","","","","","","","96,200","96,200","96,600","97,000","135.206800000002","34.2281474999974","R02地価公示標準地"
"100217","302015","和歌山5-28","地価公示","商業","和歌山市","六十谷字宮ノ前２２６番２","","135.204405","34.2615825","","","","","","","","","","","","","","","","","","","","","","","","","82,500","83,000","83,200","83,500","135.204405000002","34.2615824999974","R02地価公示標準地"
"100098","302023","海南5-1","地価公示","商業","海南市","名高字大須賀５３７番６","","135.211603","34.15464434","","","478,000","410,000","373,000","340,000","297,000","267,000","246,000","224,000","205,000","188,000","172,000","158,000","146,000","139,000","133,000","127,000","123,000","120,000","119,000","118,000","116,000","113,000","111,000","108,000","104,000","99,700","135.211603000005","34.1546443399955","R02地価公示標準地"
"100209","302023","海南5-2","地価公示","商業","海南市","下津町黒田字川端５５番１","","135.158814","34.126300","","","","","","","","","","","","","","","","","","","","","","","","50,600","48,900","47,500","46,200","44,900","135.158814000005","34.126299999996","R02地価公示標準地"
"100100","302023","海南5-3","地価公示","商業","海南市","大野中字八幡４７０番４","","135.222765","34.153445","","","","","","","","","","","","","","","","","","91,000","86,800","83,500","81,700","80,800","80,000","79,000","78,100","77,300","76,500","76,000","135.222765000004","34.1534449999958","R02地価公示標準地"
"100106","302031","橋本5-1","地価公示","商業","橋本市","東家４丁目４１番３","東家４－１７－８","135.6101493","34.31634275","","","","","198,000","190,000","175,000","161,000","150,000","139,000","126,000","110,000","99,000","89,100","83,000","81,500","79,300","75,900","72,400","69,800","67,200","65,100","63,200","61,500","60,000","58,300","56,600","54,900","135.610149300004","34.3163427499972","R02地価公示標準地"
"100206","302031","橋本5-2","地価公示","商業","橋本市","御幸辻字上栗坪１４８番１","","135.605565","34.336908","","","","","","","","","","","","","","","","","","","","","","","47,800","47,100","46,500","46,000","45,300","44,500","135.605565000003","34.3369079999968","R02地価公示標準地"
"100224","302031","橋本5-3","地価公示","商業","橋本市","高野口町伏原字野中９９３番外","","135.574746","34.308289","","","","","","","","","","","","","","","","","","","","","","","","","","","40,300","40,300","135.574746000008","34.3082889999992","R02地価公示標準地"
"100112","302040","有田5-1","地価公示","商業","有田市","箕島字船面８７６番５","","135.124497","34.08527447","315,000","295,000","289,000","276,000","262,000","248,000","232,000","210,000","195,000","180,000","159,000","142,000","126,000","115,000","108,000","103,000","96,300","89,900","84,400","78,000","72,500","67,800","64,200","61,400","59,100","57,100","55,200","53,400","135.124497000006","34.0852744699975","R02地価公示標準地"
"100220","302040","有田5-2","地価公示","商業","有田市","古江見字西坪１７７番１外","","135.122791","34.07947","","","","","","","","","","","","","","","","","","","","","","","","","","60,800","59,700","58,700","135.122791000006","34.079469999997","R02地価公示標準地"
"100231","302058","御坊5-1","地価公示","商業","御坊市","薗字宮ノ前３１２番１","","135.151624","33.893310","","","","","","","","","","","","","","","","","","","","","","","","","","","","64,100","135.151624000005","33.8933099999965","R02地価公示標準地"
"100118","302058","御坊5-2","地価公示","商業","御坊市","湯川町財部字受持之本８３１番３外","","135.1598887","33.90029539","","","","","","","","","","","","","","","","","","84,500","78,800","75,100","71,700","69,300","67,300","66,300","65,500","64,800","63,500","62,600","135.159888700003","33.9002953899968","R02地価公示標準地"
"100125","302066","田辺5-1","地価公示","商業","田辺市","下屋敷町２１番６外","","135.3820773","33.73016567","448,000","434,000","424,000","416,000","412,000","408,000","393,000","340,000","292,000","251,000","214,000","183,000","157,000","141,000","130,000","121,000","112,000","103,000","94,000","86,500","81,000","76,500","72,800","71,000","69,800","69,000","68,400","67,900","135.382077300005","33.730165669998","R02地価公示標準地"
"100126","302066","田辺5-2","地価公示","商業","田辺市","湊９９５番３外","「湊１５－５」","135.3828201","33.73220973","","","620,000","600,000","590,000","580,000","550,000","475,000","402,000","341,000","287,000","242,000","211,000","190,000","171,000","159,000","146,000","133,000","121,000","111,000","104,000","98,800","94,900","92,300","89,900","88,600","87,500","86,600","135.382820100006","33.732209729998","R02地価公示標準地"
"100210","302074","新宮5-1","地価公示","商業","新宮市","馬町２丁目３番２","","135.987486","33.728530","","","","","","","","","","","","","","","","","","","","","","","","66,100","65,200","64,300","63,400","62,600","135.987486000006","33.7285300000033","R02地価公示標準地"
"100131","302074","新宮5-2","地価公示","商業","新宮市","井の沢６６９６番２３外","井の沢３－５","135.9917754","33.72338984","","","230,000","228,000","224,000","220,000","215,000","209,000","198,000","182,000","170,000","155,000","142,000","132,000","124,000","117,000","110,000","102,000","97,000","88,000","84,100","82,800","81,500","80,200","79,000","77,900","76,900","76,000","135.991775400005","33.7233898400022","R02地価公示標準地"
"100141","302082","紀の川5-1","地価公示","商業","紀の川市","上野字名賀１０９番４","","135.3597095","34.26174913","","","200,000","190,000","174,000","168,000","155,000","145,000","135,000","126,000","117,000","100,000","86,000","78,000","72,500","68,100","63,400","58,400","54,300","50,900","47,000","44,400","43,000","41,300","40,200","39,500","39,000","38,700","135.359709500004","34.2617491299978","R02地価公示標準地"
"100142","302082","紀の川5-2","地価公示","商業","紀の川市","粉河字西宅地２１８９番４","","135.4036002","34.27580652","","","145,000","142,000","139,000","135,000","126,000","120,000","115,000","105,000","97,800","86,500","78,700","72,000","68,000","64,800","61,000","56,700","53,200","49,700","46,200","43,600","42,300","41,100","40,000","39,000","38,100","37,200","135.403600200003","34.2758065199973","R02地価公示標準地"
"100143","302082","紀の川5-3","地価公示","商業","紀の川市","名手西野字杉ノ森２８６番３外","","135.4341885","34.27242743","","","","","","","","","","","","","","","","","","48,400","46,100","43,600","40,500","38,800","37,300","35,600","34,000","32,600","31,300","30,400","135.434188500005","34.2724274299978","R02地価公示標準地"
"100144","302082","紀の川5-4","地価公示","商業","紀の川市","桃山町最上字大畑毛１５７番３","","135.3430477","34.23829013","","","","","","","","","64,000","60,200","56,400","52,500","48,300","45,000","43,000","40,900","38,900","36,500","34,300","32,400","30,500","29,300","28,400","27,600","26,900","26,300","25,800","25,400","135.343047700006","34.2382901299965","R02地価公示標準地"
"100145","302082","紀の川5-5","地価公示","商業","紀の川市","貴志川町神戸字西ノ川３９５番３","","135.3131396","34.21472545","","","162,000","155,000","146,000","141,000","132,000","124,000","117,000","109,000","101,000","92,800","84,500","77,500","73,900","70,200","65,000","59,800","55,000","50,500","46,100","42,900","41,400","40,100","39,000","38,100","37,300","36,400","135.313139600006","34.2147254499971","R02地価公示標準地"
"100148","302091","岩出5-1","地価公示","商業","岩出市","中迫字塚本１５６番２","","135.3146684","34.26046426","","","375,000","335,000","305,000","281,000","251,000","232,100","217,000","201,000","186,000","170,000","145,000","133,000","124,000","119,000","115,000","110,000","106,000","102,000","99,300","97,900","97,900","98,600","98,700","98,700","98,700","98,700","135.314668400008","34.2604642599993","R02地価公示標準地"
"100151","303411","かつらぎ5-1","地価公示","商業","かつらぎ町","大字笠田東字男子１０５番３","","135.4818837","34.28957438","","","","","","","","95,000","89,100","84,600","78,500","67,100","59,500","53,500","50,600","50,500","49,000","46,700","44,100","42,500","40,900","39,400","38,100","36,900","35,800","34,900","34,100","33,400","135.481883700005","34.2895743799972","R02地価公示標準地"
"100154","303437","九度山5-1","地価公示","商業","九度山町","大字九度山字鳥居芝５６８番２","","135.5645314","34.28894523","","","64,500","64,500","64,500","64,500","64,000","63,600","63,000","61,800","60,300","55,000","51,100","47,500","45,000","45,000","43,900","42,400","40,800","39,700","38,100","36,000","34,000","32,600","31,200","29,900","28,800","27,900","135.564531400004","34.2889452299984","R02地価公示標準地"
"100195","303615","湯浅5-1","地価公示","商業","湯浅町","大字湯浅字殿田１６１２番１","","135.181154","34.03740142","","","","","","","","","","","","","","","","","","","","53,700","50,300","47,200","44,400","42,300","40,500","39,000","37,500","36,100","135.181154000007","34.0374014199934","R02地価公示標準地"
"100162","303666","有田川5-1","地価公示","商業","有田川町","大字明王寺字明王寺原３３８番４外","","135.1962232","34.05772811","","","153,000","147,000","142,000","139,000","132,000","125,000","120,000","114,000","108,000","102,000","96,300","91,000","90,500","90,100","85,200","79,800","75,200","70,000","66,400","66,400","63,800","61,800","60,000","58,300","56,600","54,900","135.196223200007","34.057728109993","R02地価公示標準地"
"100165","303810","和歌山美浜5-1","地価公示","商業","美浜町","大字田井字番留５６６番１","","135.1508116","33.88644533","","","110,000","107,000","105,000","103,000","102,000","100,000","98,000","95,500","90,000","84,600","79,000","72,200","66,200","64,700","62,100","57,100","53,600","50,400","47,300","44,700","42,400","40,600","39,000","37,800","36,700","35,500","135.150811600004","33.8864453299971","R02地価公示標準地"
"100168","303836","由良5-1","地価公示","商業","由良町","大字里字吉路４３７番２外","","135.1266019","33.96803088","","","","","64,500","64,200","63,600","63,000","62,500","61,200","59,700","57,900","56,000","52,700","50,000","47,700","45,000","42,000","39,000","36,500","33,900","31,700","30,200","29,400","28,700","28,200","27,700","27,200","135.126601900004","33.9680308799986","R02地価公示標準地"
"100171","303917","みなべ5-1","地価公示","商業","みなべ町","芝字松原４４６番７","","135.32306","33.76580321","","","114,000","113,000","112,000","111,000","109,000","105,000","102,000","99,000","94,000","89,000","84,000","80,500","77,100","73,900","70,000","66,400","62,500","58,100","54,500","51,600","48,900","47,500","46,200","45,100","44,200","43,400","135.323060000005","33.7658032100001","R02地価公示標準地"
"100176","304018","白浜5-1","地価公示","商業","白浜町","字浜通リ３７４２番２４外","","135.3431172","33.67859139","","","","","","","","","","","121,000","111,000","102,000","98,800","95,500","90,300","85,700","80,900","76,000","72,800","70,100","68,000","66,900","65,900","65,100","65,100","65,100","65,100","135.343117200005","33.6785913900007","R02地価公示標準地"
"100211","304018","白浜5-2","地価公示","商業","白浜町","日置字蛇原２０３９番６２","","135.431938","33.570447","","","","","","","","","","","","","","","","","","","","","","","","26,600","25,800","25,100","24,500","23,900","135.431938000005","33.5704469999996","R02地価公示標準地"
"100180","304042","上富田5-1","地価公示","商業","上富田町","朝来字里田１４００番１","","135.4183072","33.6950505","","","","","","105,000","103,000","98,500","93,800","89,500","84,500","79,900","75,000","71,200","67,500","64,400","61,100","57,700","54,100","51,600","48,500","46,000","44,100","42,900","42,000","41,400","40,900","40,500","135.418307200004","33.6950504999982","R02地価公示標準地"
"100221","304069","すさみ5-1","地価公示","商業","すさみ町","周参見字堀地４０３７番１","","135.4970221","33.5501441","","","","","","","","","","","","","","","","","","","","","","","","","","29,800","29,100","28,500","135.497022100008","33.5501440999981","R02地価公示標準地"
"100186","304212","那智勝浦5-1","地価公示","商業","那智勝浦町","大字築地４丁目２番９","築地４－２－９","135.9423412","33.62833921","","","","","","","","","","","","","","","","103,000","92,500","82,600","72,000","62,000","55,400","52,600","50,100","47,900","45,900","44,100","42,700","41,800","135.942341200005","33.6283392099984","R02地価公示標準地"
"100191","304280","串本5-1","地価公示","商業","串本町","串本字小森生４２番２４外","","135.7815984","33.47470867","","","153,000","151,000","150,000","148,000","144,000","140,000","133,000","126,000","118,000","109,000","95,000","83,500","76,000","70,900","65,900","61,000","56,500","51,000","46,300","43,500","41,300","39,600","38,100","36,800","35,600","34,500","135.781598400007","33.4747086700003","R02地価公示標準地"
"100081","302015","和歌山9-1","地価公示","工業","和歌山市","築港２丁目３番４","","135.1552655","34.22382329","140,000","133,000","125,000","115,000","107,000","102,000","95,000","88,500","85,000","76,500","68,700","61,600","54,800","49,000","44,800","41,600","39,700","37,800","36,000","34,000","30,900","28,300","26,200","25,600","25,100","24,700","24,400","24,100","135.155265500002","34.2238232899996","R02地価公示標準地"
"100082","302015","和歌山9-2","地価公示","工業","和歌山市","小倉字芝中２９４番３８","","135.2970861","34.2505428","80,000","75,000","75,000","75,000","74,000","73,500","70,500","68,000","66,000","60,000","54,000","48,500","43,800","40,000","36,500","34,500","32,000","29,500","27,100","25,400","23,800","22,600","21,500","20,600","19,900","19,400","19,000","18,800","135.297086100007","34.2505427999989","R02地価公示標準地"
"100232","302015","和歌山9-3","地価公示","工業","和歌山市","雑賀崎字泊り新開２０１７番２３外","","135.141715","34.198344","","","","","","","","","","","","","","","","","","","","","","","","","","","","20,000","135.141715000004","34.1983439999995","R02地価公示標準地"
"100218","302015","和歌山9-4","地価公示","工業","和歌山市","直川字中川田１８５番１外","","135.216572","34.2581864","","","","","","","","","","","","","","","","","","","","","","","","","34,800","34,600","34,400","34,300","135.216572000003","34.2581863999968","R02地価公示標準地"
